Frame,Prediction_Score
0,0.7144067
1,0.64524096
2,0.71146965
3,0.72061884
4,0.7065538
5,0.63683796
6,0.572764
7,0.5980914
8,0.8044154
9,0.7533706
10,0.7346792
11,0.8788161
12,0.80876553
13,0.7540151
14,0.7474257
15,0.75937253
16,0.7705447
17,0.7257732
18,0.6992482
19,0.65924096
20,0.73280454
